название,цена,ссылка,фото
Портативный гибкий usb светильник USB Led Light (с тремя лампочками),"Дроп Ціна:
15.00 грн",https://www.aveopt.com.ua/product/portativnyj-gibkij-usb-svetilnik-usb-led-light-s-tremya-lampochkami/,https://www.aveopt.com.ua/wp-content/webp-express/webp-images/uploads/2021/04/3042960870_portativnyj-gibkij-usb-300x300.jpg.webp
Летающий шар спиннер светящийся FlyNova pro Gyrosphere Игрушка мяч бумеранг для ребёнка,"Дроп Ціна:
113.00 грн",https://www.aveopt.com.ua/product/letayushhij-shar-spinner-svetyashhijsya-flynova-pro-gyrosphere-igrushka-myach-bumerang-dlya-rebyonka/,https://www.aveopt.com.ua/wp-content/webp-express/webp-images/uploads/2021/11/3473679660_letayuschij-shar-spinner-300x300.jpg.webp
"Стайлер 5в1 Hot Air Styler для разных типов волос с функциями придания объема, выпрямления","Дроп Ціна:
317.00 грн",https://www.aveopt.com.ua/product/stajler-5v1-hot-air-styler-dlya-raznyx-tipov-volos-s-funkciyami-pridaniya-obema-vypryamleniya/,https://www.aveopt.com.ua/wp-content/webp-express/webp-images/uploads/2021/11/3437233683_stajler-5v1-hot-300x300.jpg.webp
Кабель питания для роутера 5V от павербанка USB-DC / Шнур для вай фай роутера,"Дроп Ціна:
17.00 грн",https://www.aveopt.com.ua/product/kabel-pitaniya-ot-poverbanka-usb-dc-perexodnik-povyshayushhij-preobrazovatel-s-5v-na-9v-dlya-routera/,https://www.aveopt.com.ua/wp-content/webp-express/webp-images/uploads/2023/02/photo_5411358721231144828_y-300x300.jpg.webp
Пластырь для выведения токсинов KINOKI 9073,"Дроп Ціна:
36.00 грн",https://www.aveopt.com.ua/product/plastyr-dlya-vyvedeniya-toksinov-kinoki-9073/,https://www.aveopt.com.ua/wp-content/webp-express/webp-images/uploads/2021/12/3496160780_plastyr-dlya-vyvedeniya-300x300.jpg.webp
Стайлер для волос 5 в 1 + коробка чехол HAIR BRUSH Dyson,"Дроп Ціна:
512.00 грн",https://www.aveopt.com.ua/product/stajler-dlya-volos-5-v-1-korobka-chexol-hair-brush/,https://www.aveopt.com.ua/wp-content/webp-express/webp-images/uploads/2024/02/euayvpeufpkfrku-300x300.jpg.webp
"Фен-щетка, стайлер c насадками Gemei GM-4828 с вращающейся насадкой","Дроп Ціна:
555.00 грн",https://www.aveopt.com.ua/product/fen-shhetka-stajler-c-nasadkami-gemei-gm-4828-s-vrashhayushhejsya-nasadkoj/,https://www.aveopt.com.ua/wp-content/webp-express/webp-images/uploads/2020/09/%D0%A1%D0%BD%D0%B8%D0%BC%D0%BE%D0%BA-%D1%8D%D0%BA%D1%80%D0%B0%D0%BD%D0%B0-2024-01-20-%D0%B2-11.46.50-300x300.png.webp
Универсальная вешалка для одежды New simple floor clothes rack size 60X29.5X151 см Черная,"Дроп Ціна:
229.00 грн",https://www.aveopt.com.ua/product/universalnaya-veshalka-dlya-odezhdy-new-simple-floor-clothes-rack-size-60x29-5x151-sm/,https://www.aveopt.com.ua/wp-content/webp-express/webp-images/uploads/2021/11/3421957479_universalnaya-veshalka-dlya-300x300.jpg.webp
Щетка для удаления шерсти с ткани Lint Remover,"Дроп Ціна:
24.00 грн",https://www.aveopt.com.ua/product/shhetka-dlya-udaleniya-shersti-s-tkani-lint-remover/,https://www.aveopt.com.ua/wp-content/uploads/2022/10/4036274867_schetka-dlya-udaleniya.jpg
Термос T-BOTLLE 919 термос с индикатором температуры 0.5л,"Дроп Ціна:
138.00 грн",https://www.aveopt.com.ua/product/termos-t-botlle-919-termos-s-indikatorom-temperatury-0-5l/,https://www.aveopt.com.ua/wp-content/webp-express/webp-images/uploads/2022/01/%D1%82%D0%B5%D1%80%D0%BC%D0%BE%D1%812-300x300.png.webp
Повер банк Smart Tech 50000 mAh. Power Bank,"Дроп Ціна:
140.00 грн",https://www.aveopt.com.ua/product/pover-bank-smart-tech-50000-mah-power-bank-korichnevyj/,https://www.aveopt.com.ua/wp-content/uploads/2022/10/4025329636_pover-bank-smart.jpg
Мощная Автомагнитола с чистым звуком JSD-520BT С USB И BLUETOOTH. Лучшая Цена!,"Дроп Ціна:
346.00 грн",https://www.aveopt.com.ua/product/moshhnaya-avtomagnitola-s-chistym-zvukom-jsd-520bt-s-usb-i-bluetooth-luchshaya-cena/,https://www.aveopt.com.ua/wp-content/webp-express/webp-images/uploads/2019/12/2074285424_moschnaya-avtomagnitola-s-300x300.jpg.webp
Силиконовые чехлы бахилы для обуви от дождя и грязи размер M 37-41,"Дроп Ціна:
54.00 грн",https://www.aveopt.com.ua/product/silikonovye-chexly-baxily-dlya-obuvi-ot-dozhdya-i-gryazi-razmer-m-37-41/,https://www.aveopt.com.ua/wp-content/webp-express/webp-images/uploads/2020/10/2663796331_silikonovye-chehly-bahily-300x300.jpg.webp
Машинка для удаления катышков General Electric Lint Remover YX-5880 Лучшая цена!,"Дроп Ціна:
131.00 грн",https://www.aveopt.com.ua/product/mashinka-dlya-udaleniya-katyshkov-general-electric-lint-remover-yx-5880-luchshaya-cena/,https://www.aveopt.com.ua/wp-content/webp-express/webp-images/uploads/2020/02/2197451806_mashinka-dlya-udaleniya-300x300.jpg.webp
"Универсальные антивибрационные подставки для стиральной машины, холодильника и мебели MULTI-FUNCTION HEIGHTEN","Дроп Ціна:
52.00 грн",https://www.aveopt.com.ua/product/universalnye-antivibracionnye-podstavki-dlya-stiralnoj-mashiny-xolodilnika-i-mebeli-multi-function-heighten/,https://www.aveopt.com.ua/wp-content/webp-express/webp-images/uploads/2022/05/3766133102_universalnye-antivibratsionnye-podstavki-300x300.jpg.webp
"Монокуляр Bushnell 16×52 PowerView монокль, Бушнел, подзорная труба с чехлом","Дроп Ціна:
170.00 грн",https://www.aveopt.com.ua/product/monokulyar-bushnell-16x52-powerview-monokl-bushnel-podzornaya-truba-s-chexlom/,https://www.aveopt.com.ua/wp-content/webp-express/webp-images/uploads/2019/12/1853486845_monokulyar-bushnell-16x52-300x300.jpg.webp
Профессиональная Электробритва Триммер для волос T9 USB 2,"Дроп Ціна:
152.00 грн",https://www.aveopt.com.ua/product/professionalnaya-elektrobritva-trimmer-dlya-volos-t9-usb-2/,https://www.aveopt.com.ua/wp-content/webp-express/webp-images/uploads/2021/05/3132560791_professionalnaya-elektrobritva-trimmer-300x300.jpg.webp
Электрический блендер-измельчитель GRANT GR-4822 2 литра Металл 250 Вт,"Дроп Ціна:
315.00 грн",https://www.aveopt.com.ua/product/elektricheskij-blender-izmelchitel-grant-gr-4822-2-litra-metall-800-vt/,https://www.aveopt.com.ua/wp-content/webp-express/webp-images/uploads/2023/05/4563415203_elektricheskij-blender-izmelchitel-grant-300x300.jpg.webp
Профессиональная машинка для стрижки Gemei GM 592 10 в 1,"Дроп Ціна:
427.00 грн",https://www.aveopt.com.ua/product/professionalnaya-mashinka-dlya-strizhki-gemei-gm-592-10-v-1/,https://www.aveopt.com.ua/wp-content/webp-express/webp-images/uploads/2019/12/1941962893_professionalnaya-mashinka-dlya-300x300.jpg.webp
"Фитнес браслет M5 Band Smart Watch Bluetooth 4.2, шагомер, фитнес трекер, пульс, монитор сна","Дроп Ціна:
138.00 грн",https://www.aveopt.com.ua/product/fitnes-braslet-m5-band-smart-watch-bluetooth-4-2-shagomer-fitnes-treker-puls-monitor-sna/,https://www.aveopt.com.ua/wp-content/webp-express/webp-images/uploads/2019/12/Screenshot_57-300x300.png.webp
"Фен щетка расческа 3 в 1, стайлер для укладки волос One Step","Дроп Ціна:
217.00 грн",https://www.aveopt.com.ua/product/fen-shhetka-rascheska-3-v-1-stajler-dlya-ukladki-volos-one-step/,https://www.aveopt.com.ua/wp-content/webp-express/webp-images/uploads/2020/10/2697612828_fen-schetka-rascheska-300x300.jpg.webp
"Комплект инструментов 3 в 1 Дрель, лобзик, Болгарка / Макита три в одном","Дроп Ціна:
1,390.00 грн",https://www.aveopt.com.ua/product/komplekt-makita-3-v-1-drel-lobzik-bolgarka-makita-tri-v-odnom/,https://www.aveopt.com.ua/wp-content/webp-express/webp-images/uploads/2023/01/4188272722_komplekt-makita-3-300x300.jpg.webp
Портативная туристическая газовая плита с пьезоподжигом Happy Home BDZ-155-A в кейсе,"Дроп Ціна:
278.00 грн",https://www.aveopt.com.ua/product/portativnaya-turisticheskaya-gazovaya-plita-s-pezopodzhigom-happy-home-bdz-155-a-c-plastikovym-kejsom/,https://www.aveopt.com.ua/wp-content/webp-express/webp-images/uploads/2022/11/1-300x300.jpeg.webp
Машинка триммер для стрижки волос KEMEI KM-600 (11 В 1 + Подставка),"Дроп Ціна:
471.00 грн",https://www.aveopt.com.ua/product/mashinka-trimmer-dlya-strizhki-volos-kemei-km-600-11-v-1-podstavka/,https://www.aveopt.com.ua/wp-content/webp-express/webp-images/uploads/2020/05/2395063488_mashinka-trimmer-dlya-300x300.jpg.webp
Качественный Точный Плечевой тонометр ms-103,"Дроп Ціна:
207.00 грн",https://www.aveopt.com.ua/product/kachestvennyj-tochnyj-plechevoj-tonometr-ms-103/,https://www.aveopt.com.ua/wp-content/webp-express/webp-images/uploads/2021/06/3192999753_kachestvennyj-tochnyj-plechevoj-300x300.jpg.webp
5м Самый качественный ABS пластик для 3D ручки,"Дроп Ціна:
19.00 грн",https://www.aveopt.com.ua/product/10m-samyj-kachestvennyj-abs-plastik-dlya-3d-ruchki/,https://www.aveopt.com.ua/wp-content/webp-express/webp-images/uploads/2019/12/1853501492_10m-samyj-kachestvennyj-300x300.jpg.webp
Фонарик брелок аккумуляторный LED COB c карабином и магнитом 500 mAh,"Дроп Ціна:
57.00 грн",https://www.aveopt.com.ua/product/fonarik-brelok-akkumulyatornyj-led-cob-c-karabinom-i-magnitom-500-mah/,https://www.aveopt.com.ua/wp-content/uploads/2023/04/4453925563_fonarik-brelok-akkumulyatornyj.jpg
"Швабра и Ведро Большое Scratch Cleaning Mop со складной ручкой и системой отжима, две насадки микрофибры","Дроп Ціна:
256.00 грн",https://www.aveopt.com.ua/product/shvabra-i-vedro-bolshoe-scratch-cleaning-mop-so-skladnoj-ruchkoj-i-sistemoj-otzhima-dve-nasadki-mikrofibry/,https://www.aveopt.com.ua/wp-content/webp-express/webp-images/uploads/2020/09/Screenshot_4-1-300x300.png.webp
"Шуруповерт 331 DWE (24V, 5.0AH) с набором инструментов, запасной аккумулятор","Дроп Ціна:
851.00 грн",https://www.aveopt.com.ua/product/shurupovert-makita-550-dwe-24v-5-0ah-s-naborom-instrumentov-zapasnoj-akkumulyator/,https://www.aveopt.com.ua/wp-content/webp-express/webp-images/uploads/2022/08/3922157983_shurupovert-makita-550-300x300.jpg.webp
Органайзер для мобильного телефона липкий липкий коврик в авто,"Дроп Ціна:
67.00 грн",https://www.aveopt.com.ua/product/organajzer-dlya-mobilnogo-telefona-lipkij-lipkij-kovrik-v-avto/,https://www.aveopt.com.ua/wp-content/webp-express/webp-images/uploads/2023/08/4809556517_organajzer-dlya-mobilnogo-300x300.jpg.webp
Беспроводные сенсорные Bluetooth наушники i12-TWS,"Дроп Ціна:
140.00 грн",https://www.aveopt.com.ua/product/besprovodnye-sensornye-bluetooth-naushniki-airpods-i12-tws-luchshaya-replika-airpods/,https://www.aveopt.com.ua/wp-content/webp-express/webp-images/uploads/2019/12/1986147635_besprovodnye-sensornye-bluetooth-300x300.jpg.webp
Ночник проектор звездного неба БОЛЬШОЙ Космонавт – лазерный светильник проектор астронавт с пультом и таймером,"Дроп Ціна:
350.00 грн",https://www.aveopt.com.ua/product/nochnik-proektor-zvezdnogo-neba-kosmonavt-lazernyj-svetilnik-proektor-astronavt-s-pultom-i-tajmerom/,https://www.aveopt.com.ua/wp-content/uploads/2023/10/4982492549_nochnik-proektor-zvezdnogo.jpg
"Аккумуляторный пылесос без мешка Vacuum Cleaner 2000mAh 120 Вт беспроводной, вертикальный","Дроп Ціна:
380.00 грн",https://www.aveopt.com.ua/product/akkumulyatornyj-pylesos-bez-meshka-vacuum-cleaner-2000mah-120-vt-besprovodnoj-vertikalnyj/,https://www.aveopt.com.ua/wp-content/webp-express/webp-images/uploads/2023/06/4573046290_akkumulyatornyj-pylesos-bez-300x300.jpg.webp
"Сушильный аппарат сушилка для фруктов , овощей и прочих продуктов , сушка , дегидратор .Zepline 029","Дроп Ціна:
1,025.00 грн",https://www.aveopt.com.ua/product/sushilnyj-apparat-sushilka-dlya-fruktov-ovoshhej-i-prochix-produktov-sushka-degidrator-zepline-029/,https://www.aveopt.com.ua/wp-content/webp-express/webp-images/uploads/2021/05/3107030971_sushilnyj-apparat-sushilka-300x300.jpg.webp
Фонарь-лампа аккумуляторная BL 2029 + SOLAR на солнечной батарее с USB зарядкой,"Дроп Ціна:
144.00 грн",https://www.aveopt.com.ua/product/fonar-lampa-akkumulyatornaya-bl-2029-solar-na-solnechnoj-bataree-s-usb-zaryadkoj/,https://www.aveopt.com.ua/wp-content/webp-express/webp-images/uploads/2023/01/4199360919_fonar-lampa-akkumulyatornaya-bl-300x300.jpg.webp
"Душ портативный, кемпинговый с помпой на аккумуляторе USB Travel shower 2200 мАг","Дроп Ціна:
400.00 грн",https://www.aveopt.com.ua/product/dush-portativnyj-kempingovyj-s-pompoj-na-akkumulyatore-usb-travel-shower-2200-mag/,https://www.aveopt.com.ua/wp-content/webp-express/webp-images/uploads/2023/09/4865994537_dush-portativnyj-kempingovyj-300x300.jpg.webp
"Антимоскитная магнитная шторка”Magic Mesh”сетка на дверь, аналог штора,210х100","Дроп Ціна:
90.00 грн",https://www.aveopt.com.ua/product/antimoskitnaya-magnitnaya-shtorkamagic-meshsetka-na-dver-analog-shtora210x100/,https://www.aveopt.com.ua/wp-content/webp-express/webp-images/uploads/2019/12/467626716-300x300.jpeg.webp
Мини пила Supretto аккумуляторная с двумя аккумуляторами в кейсе,"Дроп Ціна:
793.00 грн",https://www.aveopt.com.ua/product/mini-pila-supretto-akkumulyatornaya-s-dvumya-akkumulyatorami-v-kejse/,https://www.aveopt.com.ua/wp-content/webp-express/webp-images/uploads/2023/07/4651431758_mini-pila-supretto-300x300.jpg.webp
Кухонная маслостойкая фольга самоклеющаяся для кухни 60см*3м / Алюминиевая пленка для кухонных поверхностей,"Дроп Ціна:
82.00 грн",https://www.aveopt.com.ua/product/kuxonnaya-maslostojkaya-folga-samokleyushhayasya-dlya-kuxni-60sm3m-alyuminievaya-plenka-dlya-kuxonnyx-poverxnostej/,https://www.aveopt.com.ua/wp-content/webp-express/webp-images/uploads/2022/05/3766168634_kuhonnaya-maslostojkaya-folga-300x300.jpg.webp
Ручной аккумуляторный фонарь на солнечной батарее GL-2289 25 W с солнечной панелью USB зарядкой-повербанком,"Дроп Ціна:
180.00 грн",https://www.aveopt.com.ua/product/ruchnoj-akkumulyatornyj-fonar-na-solnechnoj-bataree-gl-2289-25-w-s-solnechnoj-panelyu-usb-zaryadkoj-poverbankom/,https://www.aveopt.com.ua/wp-content/webp-express/webp-images/uploads/2023/08/4815433759_ruchnoj-akkumulyatornyj-fonar-300x300.jpg.webp
Щетка массажная для ухода за шерстью животных 4 в 1 ПАРОВАЯ Pet comb,"Дроп Ціна:
85.00 грн",https://www.aveopt.com.ua/product/shhetka-massazhnaya-dlya-uxoda-za-sherstyu-zhivotnyx-4-v-1-parovaya-pet-comb-and924/,https://www.aveopt.com.ua/wp-content/webp-express/webp-images/uploads/2024/07/6127511921_schetka-massazhnaya-dlya-300x300.jpg.webp
"Комплект инструментов 3 в 1 Дрель, лобзик, Болгарка / Макита три в одном","Дроп Ціна:
1,390.00 грн",https://www.aveopt.com.ua/product/komplekt-makita-3-v-1-drel-lobzik-bolgarka-makita-tri-v-odnom/,https://www.aveopt.com.ua/wp-content/webp-express/webp-images/uploads/2023/01/4188272722_komplekt-makita-3-300x300.jpg.webp
